customer_id,name,email,signup_date,country
CUST0000,Customer_0,user0@example.com,2022-04-13,Colombia
CUST0001,Customer_1,user1@example.com,2023-03-12,Mexico
CUST0002,Customer_2,user2@example.com,2022-09-28,Mexico
CUST0003,Customer_3,user3@example.com,2022-04-17,Mexico
CUST0004,Customer_4,user4@example.com,2022-03-13,Colombia
CUST0005,Customer_5,user5@example.com,2023-12-02,Colombia
CUST0006,Customer_6,user6@example.com,2022-01-21,Spain
CUST0007,Customer_7,user7@example.com,2023-09-07,Mexico
CUST0008,Customer_8,user8@example.com,2022-05-02,USA
CUST0009,Customer_9,user9@example.com,2023-04-12,Mexico
CUST0010,Customer_10,user10@example.com,2022-08-03,Mexico
CUST0011,Customer_11,user11@example.com,2022-11-27,USA
CUST0012,Customer_12,user12@example.com,2023-04-04,Mexico
CUST0013,Customer_13,user13@example.com,2022-03-29,Mexico
CUST0014,Customer_14,user14@example.com,2023-01-08,Colombia
CUST0015,Customer_15,user15@example.com,2022-04-10,USA
CUST0016,Customer_16,user16@example.com,2023-10-26,Mexico
CUST0017,Customer_17,user17@example.com,2022-05-11,USA
CUST0018,Customer_18,user18@example.com,2023-10-24,Spain
CUST0019,Customer_19,user19@example.com,2022-11-05,Mexico
CUST0020,Customer_20,user20@example.com,2022-12-10,Spain
CUST0021,Customer_21,user21@example.com,2023-05-07,Colombia
CUST0022,Customer_22,user22@example.com,2023-02-18,Mexico
CUST0023,Customer_23,user23@example.com,2023-01-21,Mexico
CUST0024,Customer_24,user24@example.com,2022-07-11,Argentina
CUST0025,Customer_25,user25@example.com,2022-10-04,Mexico
CUST0026,Customer_26,user26@example.com,2022-06-10,Mexico
CUST0027,Customer_27,user27@example.com,2023-04-05,Mexico
CUST0028,Customer_28,user28@example.com,2022-11-10,Spain
CUST0029,Customer_29,user29@example.com,2022-01-22,Colombia
CUST0030,Customer_30,user30@example.com,2022-09-10,Spain
CUST0031,Customer_31,user31@example.com,2023-07-15,Colombia
CUST0032,Customer_32,user32@example.com,2023-04-20,USA
CUST0033,Customer_33,user33@example.com,2022-02-28,Argentina
CUST0034,Customer_34,user34@example.com,2023-05-26,Mexico
CUST0035,Customer_35,user35@example.com,2023-11-13,USA
CUST0036,Customer_36,user36@example.com,2023-04-21,Spain
CUST0037,Customer_37,user37@example.com,2023-12-01,Colombia
CUST0038,Customer_38,user38@example.com,2022-07-09,Spain
CUST0039,Customer_39,user39@example.com,2023-11-18,USA
CUST0040,Customer_40,user40@example.com,2023-07-17,Colombia
CUST0041,Customer_41,user41@example.com,2023-07-21,Mexico
CUST0042,Customer_42,user42@example.com,2022-09-01,Mexico
CUST0043,Customer_43,user43@example.com,2023-05-20,Mexico
CUST0044,Customer_44,user44@example.com,2022-05-11,Mexico
CUST0045,Customer_45,user45@example.com,2023-04-30,Mexico
CUST0046,Customer_46,user46@example.com,2023-10-09,Mexico
CUST0047,Customer_47,user47@example.com,2022-01-21,Mexico
CUST0048,Customer_48,user48@example.com,2022-06-16,Colombia
CUST0049,Customer_49,user49@example.com,2022-10-01,Mexico
CUST0050,Customer_50,user50@example.com,2023-01-23,Mexico
CUST0051,Customer_51,user51@example.com,2023-08-24,Mexico
CUST0052,Customer_52,user52@example.com,2022-11-12,Mexico
CUST0053,Customer_53,user53@example.com,2022-01-14,Argentina
CUST0054,Customer_54,user54@example.com,2022-08-30,Colombia
CUST0055,Customer_55,user55@example.com,2022-12-12,Colombia
CUST0056,Customer_56,user56@example.com,2023-07-19,Mexico
CUST0057,Customer_57,user57@example.com,2022-12-06,Colombia
CUST0058,Customer_58,user58@example.com,2022-04-02,Mexico
CUST0059,Customer_59,user59@example.com,2023-01-02,Mexico
CUST0060,Customer_60,user60@example.com,2023-03-31,Argentina
CUST0061,Customer_61,user61@example.com,2023-03-04,Colombia
CUST0062,Customer_62,user62@example.com,2023-05-24,USA
CUST0063,Customer_63,user63@example.com,2022-02-04,Colombia
CUST0064,Customer_64,user64@example.com,2022-07-25,Spain
CUST0065,Customer_65,user65@example.com,2022-03-22,Spain
CUST0066,Customer_66,user66@example.com,2023-07-16,Mexico
CUST0067,Customer_67,user67@example.com,2023-01-23,Mexico
CUST0068,Customer_68,user68@example.com,2022-01-02,Mexico
CUST0069,Customer_69,user69@example.com,2023-01-25,Mexico
CUST0070,Customer_70,user70@example.com,2023-07-20,Mexico
CUST0071,Customer_71,user71@example.com,2022-04-16,Argentina
CUST0072,Customer_72,user72@example.com,2023-04-22,Spain
CUST0073,Customer_73,user73@example.com,2023-12-04,Mexico
CUST0074,Customer_74,user74@example.com,2023-02-06,Colombia
CUST0075,Customer_75,user75@example.com,2023-12-31,Mexico
CUST0076,Customer_76,user76@example.com,2023-07-10,Argentina
CUST0077,Customer_77,user77@example.com,2022-06-11,USA
CUST0078,Customer_78,user78@example.com,2022-07-21,Mexico
CUST0079,Customer_79,user79@example.com,2022-09-27,Mexico
CUST0080,Customer_80,user80@example.com,2022-09-28,USA
CUST0081,Customer_81,user81@example.com,2023-04-01,Mexico
CUST0082,Customer_82,user82@example.com,2023-04-07,USA
CUST0083,Customer_83,user83@example.com,2023-12-28,Spain
CUST0084,Customer_84,user84@example.com,2022-09-09,Mexico
CUST0085,Customer_85,user85@example.com,2023-12-03,Mexico
CUST0086,Customer_86,user86@example.com,2022-10-23,Argentina
CUST0087,Customer_87,user87@example.com,2023-12-26,USA
CUST0088,Customer_88,user88@example.com,2023-12-21,Mexico
CUST0089,Customer_89,user89@example.com,2022-12-04,Mexico
CUST0090,Customer_90,user90@example.com,2022-02-22,Mexico
CUST0091,Customer_91,user91@example.com,2022-08-05,Colombia
CUST0092,Customer_92,user92@example.com,2022-07-07,Spain
CUST0093,Customer_93,user93@example.com,2023-01-15,USA
CUST0094,Customer_94,user94@example.com,2023-05-08,Mexico
CUST0095,Customer_95,user95@example.com,2022-02-10,Mexico
CUST0096,Customer_96,user96@example.com,2022-06-06,Argentina
CUST0097,Customer_97,user97@example.com,2022-01-15,USA
CUST0098,Customer_98,user98@example.com,2022-03-06,Argentina
CUST0099,Customer_99,user99@example.com,2023-06-05,Spain
CUST0100,Customer_100,user100@example.com,2022-12-10,Mexico
CUST0101,Customer_101,user101@example.com,2022-05-09,Colombia
CUST0102,Customer_102,user102@example.com,2023-10-10,Colombia
CUST0103,Customer_103,user103@example.com,2023-04-17,USA
CUST0104,Customer_104,user104@example.com,2022-03-04,Mexico
CUST0105,Customer_105,user105@example.com,2022-05-19,Colombia
CUST0106,Customer_106,user106@example.com,2023-05-14,Mexico
CUST0107,Customer_107,user107@example.com,2023-08-16,USA
CUST0108,Customer_108,user108@example.com,2023-01-27,USA
CUST0109,Customer_109,user109@example.com,2023-11-06,Argentina
CUST0110,Customer_110,user110@example.com,2023-02-23,Spain
CUST0111,Customer_111,user111@example.com,2022-10-16,Mexico
CUST0112,Customer_112,user112@example.com,2023-01-14,USA
CUST0113,Customer_113,user113@example.com,2023-05-05,Mexico
CUST0114,Customer_114,user114@example.com,2022-08-19,Argentina
CUST0115,Customer_115,user115@example.com,2022-02-10,Spain
CUST0116,Customer_116,user116@example.com,2022-01-28,Mexico
CUST0117,Customer_117,user117@example.com,2022-05-15,Colombia
CUST0118,Customer_118,user118@example.com,2022-07-20,Colombia
CUST0119,Customer_119,user119@example.com,2022-02-02,Mexico
CUST0120,Customer_120,user120@example.com,2022-02-17,Spain
CUST0121,Customer_121,user121@example.com,2023-05-18,USA
CUST0122,Customer_122,user122@example.com,2023-02-11,Spain
CUST0123,Customer_123,user123@example.com,2023-07-28,USA
CUST0124,Customer_124,user124@example.com,2023-12-29,Mexico
CUST0125,Customer_125,user125@example.com,2022-04-09,Mexico
CUST0126,Customer_126,user126@example.com,2023-11-15,Mexico
CUST0127,Customer_127,user127@example.com,2023-12-27,Argentina
CUST0128,Customer_128,user128@example.com,2023-07-01,Spain
CUST0129,Customer_129,user129@example.com,2023-09-05,Spain
CUST0130,Customer_130,user130@example.com,2023-04-07,Mexico
CUST0131,Customer_131,user131@example.com,2023-10-05,Mexico
CUST0132,Customer_132,user132@example.com,2022-01-05,Spain
CUST0133,Customer_133,user133@example.com,2022-08-06,Argentina
CUST0134,Customer_134,user134@example.com,2023-05-18,Mexico
CUST0135,Customer_135,user135@example.com,2023-02-02,USA
CUST0136,Customer_136,user136@example.com,2023-01-28,Mexico
CUST0137,Customer_137,user137@example.com,2022-07-26,Spain
CUST0138,Customer_138,user138@example.com,2022-01-15,Spain
CUST0139,Customer_139,user139@example.com,2023-07-08,Mexico
CUST0140,Customer_140,user140@example.com,2023-04-06,USA
CUST0141,Customer_141,user141@example.com,2023-11-22,USA
CUST0142,Customer_142,user142@example.com,2023-07-29,Mexico
CUST0143,Customer_143,user143@example.com,2022-08-29,Spain
CUST0144,Customer_144,user144@example.com,2023-07-18,USA
CUST0145,Customer_145,user145@example.com,2022-04-06,Mexico
CUST0146,Customer_146,user146@example.com,2023-04-30,USA
CUST0147,Customer_147,user147@example.com,2023-02-11,Colombia
CUST0148,Customer_148,user148@example.com,2022-08-19,Mexico
CUST0149,Customer_149,user149@example.com,2023-10-17,Mexico
CUST0150,Customer_150,user150@example.com,2022-06-20,Argentina
CUST0151,Customer_151,user151@example.com,2023-06-25,Colombia
CUST0152,Customer_152,user152@example.com,2022-02-05,USA
CUST0153,Customer_153,user153@example.com,2023-06-09,USA
CUST0154,Customer_154,user154@example.com,2022-06-09,Mexico
CUST0155,Customer_155,user155@example.com,2023-11-30,Mexico
CUST0156,Customer_156,user156@example.com,2022-08-31,Mexico
CUST0157,Customer_157,user157@example.com,2022-03-27,USA
CUST0158,Customer_158,user158@example.com,2023-08-01,Mexico
CUST0159,Customer_159,user159@example.com,2023-11-13,Mexico
CUST0160,Customer_160,user160@example.com,2023-07-11,Mexico
CUST0161,Customer_161,user161@example.com,2023-07-28,Colombia
CUST0162,Customer_162,user162@example.com,2023-10-08,Mexico
CUST0163,Customer_163,user163@example.com,2022-01-28,Argentina
CUST0164,Customer_164,user164@example.com,2023-09-12,Spain
CUST0165,Customer_165,user165@example.com,2023-07-10,Mexico
CUST0166,Customer_166,user166@example.com,2022-12-06,Mexico
CUST0167,Customer_167,user167@example.com,2022-11-27,Colombia
CUST0168,Customer_168,user168@example.com,2023-10-02,Mexico
CUST0169,Customer_169,user169@example.com,2023-05-21,Mexico
CUST0170,Customer_170,user170@example.com,2022-12-14,Argentina
CUST0171,Customer_171,user171@example.com,2023-04-18,USA
CUST0172,Customer_172,user172@example.com,2022-08-19,USA
CUST0173,Customer_173,user173@example.com,2022-07-09,Spain
CUST0174,Customer_174,user174@example.com,2022-08-13,Spain
CUST0175,Customer_175,user175@example.com,2023-01-20,Mexico
CUST0176,Customer_176,user176@example.com,2023-01-12,Mexico
CUST0177,Customer_177,user177@example.com,2022-10-10,USA
CUST0178,Customer_178,user178@example.com,2023-09-25,USA
CUST0179,Customer_179,user179@example.com,2023-09-20,USA
CUST0180,Customer_180,user180@example.com,2022-09-16,Colombia
CUST0181,Customer_181,user181@example.com,2022-12-25,Colombia
CUST0182,Customer_182,user182@example.com,2023-12-11,Argentina
CUST0183,Customer_183,user183@example.com,2023-04-01,Mexico
CUST0184,Customer_184,user184@example.com,2023-02-15,USA
CUST0185,Customer_185,user185@example.com,2023-10-11,Mexico
CUST0186,Customer_186,user186@example.com,2022-11-14,Spain
CUST0187,Customer_187,user187@example.com,2023-11-08,Mexico
CUST0188,Customer_188,user188@example.com,2022-08-13,Mexico
CUST0189,Customer_189,user189@example.com,2022-08-22,USA
CUST0190,Customer_190,user190@example.com,2023-11-15,USA
CUST0191,Customer_191,user191@example.com,2023-10-26,Mexico
CUST0192,Customer_192,user192@example.com,2023-01-09,Mexico
CUST0193,Customer_193,user193@example.com,2023-11-03,Argentina
CUST0194,Customer_194,user194@example.com,2023-08-31,USA
CUST0195,Customer_195,user195@example.com,2023-04-17,Spain
CUST0196,Customer_196,user196@example.com,2022-08-21,USA
CUST0197,Customer_197,user197@example.com,2023-11-23,Mexico
CUST0198,Customer_198,user198@example.com,2022-04-23,Argentina
CUST0199,Customer_199,user199@example.com,2023-05-12,Spain
CUST0200,Customer_200,user200@example.com,2023-03-18,Argentina
CUST0201,Customer_201,user201@example.com,2023-07-18,Argentina
CUST0202,Customer_202,user202@example.com,2022-09-25,Spain
CUST0203,Customer_203,user203@example.com,2023-05-25,Mexico
CUST0204,Customer_204,user204@example.com,2023-01-21,USA
CUST0205,Customer_205,user205@example.com,2023-01-22,Mexico
CUST0206,Customer_206,user206@example.com,2022-04-23,USA
CUST0207,Customer_207,user207@example.com,2023-09-05,Mexico
CUST0208,Customer_208,user208@example.com,2023-09-17,Mexico
CUST0209,Customer_209,user209@example.com,2022-03-22,Argentina
CUST0210,Customer_210,user210@example.com,2023-11-30,Mexico
CUST0211,Customer_211,user211@example.com,2022-04-23,Spain
CUST0212,Customer_212,user212@example.com,2022-01-02,USA
CUST0213,Customer_213,user213@example.com,2023-10-04,USA
CUST0214,Customer_214,user214@example.com,2022-08-08,Argentina
CUST0215,Customer_215,user215@example.com,2023-07-20,Argentina
CUST0216,Customer_216,user216@example.com,2022-08-13,USA
CUST0217,Customer_217,user217@example.com,2023-01-20,Colombia
CUST0218,Customer_218,user218@example.com,2023-02-07,Mexico
CUST0219,Customer_219,user219@example.com,2023-09-30,Mexico
CUST0220,Customer_220,user220@example.com,2022-05-10,Argentina
CUST0221,Customer_221,user221@example.com,2022-02-22,USA
CUST0222,Customer_222,user222@example.com,2023-11-15,USA
CUST0223,Customer_223,user223@example.com,2023-12-31,Colombia
CUST0224,Customer_224,user224@example.com,2023-11-03,Mexico
CUST0225,Customer_225,user225@example.com,2023-12-11,USA
CUST0226,Customer_226,user226@example.com,2023-02-20,USA
CUST0227,Customer_227,user227@example.com,2022-09-04,Spain
CUST0228,Customer_228,user228@example.com,2023-03-15,Mexico
CUST0229,Customer_229,user229@example.com,2022-07-22,Argentina
CUST0230,Customer_230,user230@example.com,2022-07-03,Mexico
CUST0231,Customer_231,user231@example.com,2022-05-03,Mexico
CUST0232,Customer_232,user232@example.com,2023-02-05,USA
CUST0233,Customer_233,user233@example.com,2022-10-21,Colombia
CUST0234,Customer_234,user234@example.com,2022-10-07,Mexico
CUST0235,Customer_235,user235@example.com,2023-09-02,Mexico
CUST0236,Customer_236,user236@example.com,2022-07-17,Spain
CUST0237,Customer_237,user237@example.com,2023-05-26,Mexico
CUST0238,Customer_238,user238@example.com,2022-05-24,USA
CUST0239,Customer_239,user239@example.com,2023-09-01,Colombia
CUST0240,Customer_240,user240@example.com,2022-07-20,USA
CUST0241,Customer_241,user241@example.com,2022-05-04,USA
CUST0242,Customer_242,user242@example.com,2022-07-06,USA
CUST0243,Customer_243,user243@example.com,2022-11-22,Argentina
CUST0244,Customer_244,user244@example.com,2023-04-09,Mexico
CUST0245,Customer_245,user245@example.com,2022-12-15,Colombia
CUST0246,Customer_246,user246@example.com,2023-10-22,Mexico
CUST0247,Customer_247,user247@example.com,2023-02-07,Mexico
CUST0248,Customer_248,user248@example.com,2022-12-12,Colombia
CUST0249,Customer_249,user249@example.com,2023-05-26,Mexico
CUST0250,Customer_250,user250@example.com,2022-05-27,Mexico
CUST0251,Customer_251,user251@example.com,2022-05-28,Spain
CUST0252,Customer_252,user252@example.com,2023-12-12,Mexico
CUST0253,Customer_253,user253@example.com,2023-05-04,USA
CUST0254,Customer_254,user254@example.com,2023-10-02,Argentina
CUST0255,Customer_255,user255@example.com,2023-07-05,Argentina
CUST0256,Customer_256,user256@example.com,2022-12-04,Mexico
CUST0257,Customer_257,user257@example.com,2023-10-03,Mexico
CUST0258,Customer_258,user258@example.com,2023-04-18,Mexico
CUST0259,Customer_259,user259@example.com,2022-05-31,Argentina
CUST0260,Customer_260,user260@example.com,2023-02-19,Spain
CUST0261,Customer_261,user261@example.com,2022-10-25,Spain
CUST0262,Customer_262,user262@example.com,2023-09-03,Mexico
CUST0263,Customer_263,user263@example.com,2022-09-20,Mexico
CUST0264,Customer_264,user264@example.com,2022-05-24,Spain
CUST0265,Customer_265,user265@example.com,2022-12-12,Colombia
CUST0266,Customer_266,user266@example.com,2023-09-16,Colombia
CUST0267,Customer_267,user267@example.com,2023-07-26,Argentina
CUST0268,Customer_268,user268@example.com,2022-01-02,Colombia
CUST0269,Customer_269,user269@example.com,2022-10-31,Mexico
CUST0270,Customer_270,user270@example.com,2022-09-11,Spain
CUST0271,Customer_271,user271@example.com,2023-10-14,Mexico
CUST0272,Customer_272,user272@example.com,2023-03-29,Colombia
CUST0273,Customer_273,user273@example.com,2022-02-06,Argentina
CUST0274,Customer_274,user274@example.com,2022-06-09,Mexico
CUST0275,Customer_275,user275@example.com,2022-01-09,Mexico
CUST0276,Customer_276,user276@example.com,2022-08-21,Mexico
CUST0277,Customer_277,user277@example.com,2022-04-09,USA
CUST0278,Customer_278,user278@example.com,2023-10-21,Mexico
CUST0279,Customer_279,user279@example.com,2022-07-27,Colombia
CUST0280,Customer_280,user280@example.com,2022-05-11,Colombia
CUST0281,Customer_281,user281@example.com,2023-02-08,Mexico
CUST0282,Customer_282,user282@example.com,2022-06-01,Colombia
CUST0283,Customer_283,user283@example.com,2022-02-23,Mexico
CUST0284,Customer_284,user284@example.com,2022-04-30,USA
CUST0285,Customer_285,user285@example.com,2023-11-04,Argentina
CUST0286,Customer_286,user286@example.com,2023-09-20,Spain
CUST0287,Customer_287,user287@example.com,2023-08-10,Mexico
CUST0288,Customer_288,user288@example.com,2023-09-17,USA
CUST0289,Customer_289,user289@example.com,2023-02-24,Mexico
CUST0290,Customer_290,user290@example.com,2023-02-26,Mexico
CUST0291,Customer_291,user291@example.com,2022-04-14,Spain
CUST0292,Customer_292,user292@example.com,2022-09-11,Colombia
CUST0293,Customer_293,user293@example.com,2022-08-15,Mexico
CUST0294,Customer_294,user294@example.com,2022-04-22,Colombia
CUST0295,Customer_295,user295@example.com,2023-05-25,USA
CUST0296,Customer_296,user296@example.com,2023-04-18,USA
CUST0297,Customer_297,user297@example.com,2022-04-09,Mexico
CUST0298,Customer_298,user298@example.com,2022-06-02,Mexico
CUST0299,Customer_299,user299@example.com,2022-12-04,Spain
